density comp1,thermal speed comp1,density comp2,thermal speed comp2,density comp3,thermal speed comp3,pos_x,pos_y,pos_z,r,long,lat,magnetic_latitude,magnetic_colatitude,distance_from_dipole
0.0,0.0,0.0,0.0,0.0311,479.0,-0.1000197627903641,6.131500927866923,-5.0131287208637785,7.9206544649625314,90.93455128170613,-39.26577370046681,-47.075643656141146,137.07564365614115,7.71208574373814
0.0,0.0,0.0,0.0,0.0249,467.0,-0.33855122411712224,6.061518057772198,-4.8066465073088045,7.743414540257648,93.19679385657705,-38.37018736572903,-49.104858255390496,139.1048582553905,7.537986809252623
0.0,0.0,0.0,0.0,0.0303,420.0,-0.40585263618254713,6.039756510268739,-4.7475775633167725,7.693040217322328,93.84431684792699,-38.10658513963266,-49.69336659399407,139.69336659399409,7.48855428839401
0.0,0.0,0.0,0.0,0.0366,415.0,-0.6382358011714331,5.957510622462701,-4.540572138659263,7.517717279934223,96.11484836725997,-37.15568238155747,-51.78476365398811,141.7847636539881,7.316692457532127
0.0,0.0,0.0,0.0,0.0282,506.0,-0.8332705578267203,5.879611028445296,-4.3628061528219675,7.368734165069168,98.0663572244734,-36.30403694565923,-53.6178135881681,143.6178135881681,7.1708917239948
0.0,0.0,0.0,0.0,0.0254,503.0,-1.0556241290711108,5.78029625909912,-4.155016132207586,7.196549604062889,100.3495643667604,-35.26523100368311,-55.80559239916253,145.80559239916252,7.0026908675338655
0.0,0.0,0.0,0.0,0.0357,465.0,-1.086912200615413,5.765380294447375,-4.125296330808611,7.172102752222094,100.67631963192213,-35.11269054286692,-56.12259196280536,146.12259196280536,6.978838188662056
0.0,0.0,0.0,0.0,0.0292,481.0,-1.1180777434570048,5.750284492899631,-4.095567591150731,7.147694976940473,101.0032227690482,-34.95908815077212,-56.44072768609099,146.44072768609098,6.955031063008444
0.0,0.0,0.0,0.0,0.0275,544.0,-1.220654052830393,5.698886624358315,-3.9968043588638538,7.0669477256460915,102.08960529086039,-34.44139816052503,-57.505171131495864,147.50517113149587,6.876325314252616
0.0,0.0,0.0,0.0,0.0275,520.0,-1.422753401349142,5.5896021632036605,-3.7977828277918513,6.905869531855656,104.28057183163683,-33.36258825030331,-59.68616914469925,149.68616914469925,6.719584393040927
0.0,0.0,0.0,0.0,0.0362,547.0,-1.6660418656129279,5.442827020177452,-3.549325259092516,6.708037810297504,107.01927753307031,-31.945696877904343,-62.47872885020638,152.47872885020638,6.5276132581757595
0.0,0.0,0.0,0.0,0.0422,503.0,-1.8542261972399001,5.316724968253926,-3.3493723839150884,6.551642125812314,109.22639405004402,-30.745553859981168,-64.7844918855359,154.78449188553589,6.376320696143771
0.0,0.0,0.0,0.0,0.0399,526.0,-1.96372512814064,5.237810228612248,-3.2294354902696005,6.459111855019924,110.55169392588537,-29.998766391674405,-66.19322296946748,156.19322296946748,6.287027480250238
0.0,0.0,0.0,0.0,0.0435,551.0,-2.079208162304334,5.149801747662269,-3.099734080259832,6.3601820721377615,111.98616066582389,-29.16757800922994,-67.73868190626179,157.7386819062618,6.191754231603741
0.0,0.0,0.0,0.0,0.0415,549.0,-2.277155897231923,4.986437427023338,-2.8687080383130725,6.1870415388131415,114.54475315140814,-27.623788567826917,-70.5487571394921,160.5487571394921,6.025548961403847
0.0,0.0,0.0,0.0,0.055,620.0,-2.393979406330002,4.881809682741207,-2.726439749336472,6.082489365646262,116.12276384288703,-26.631080581256846,-72.31562948462475,162.31562948462476,5.925550833049061
0.0,0.0,0.0,0.0,0.0547,642.0,-2.4729297930738845,4.807275351311749,-2.627447656854841,6.010720360681733,117.22192453293655,-25.92071028921086,-73.56104824944086,163.56104824944086,5.857084044239806
0.0,0.0,0.0,0.0,0.0576,594.0,-2.543503890799985,4.737828706932482,-2.536816209487389,5.9457438037192745,118.22913247605133,-25.255836278237663,-74.71237208267564,164.71237208267564,5.795229937256559
0.0,0.0,0.0,0.0,0.0532,648.0,-2.5666764508777096,4.714414329699968,-2.506586839943832,5.924230588165031,118.56527207183338,-25.030937763245884,-75.09864985002966,165.09864985002966,5.7747797005394
0.0,0.0,0.0,0.0,0.0569,624.0,-2.7019558541080806,4.57120851887608,-2.325004942754268,5.796737077393277,120.58653939484132,-23.64624744329612,-77.44052899040935,167.44052899040935,5.653904058701292
0.0,0.0,0.0,0.0,0.0569,646.0,-2.7952904085449854,4.46530812201445,-2.1940530993519505,5.706706063519279,122.04663551433799,-22.61079568730708,-79.14780072793748,169.1478007279375,5.568900899871278
0.0,0.0,0.0,0.0,0.0578,684.0,-2.8924665280912536,4.348061866840658,-2.0519899840597873,5.610941766645224,123.63309117982381,-21.451420664795275,-81.00661481165953,171.00661481165955,5.478842266644431
0.0,0.0,0.0,0.0,0.0599,674.0,-2.9126915060346965,4.322680083259984,-2.021608124770016,5.590727530623841,123.97272480865367,-21.198501596490566,-81.40327506128554,171.40327506128554,5.459883004309356
0.0,0.0,0.0,0.0,0.0612,695.0,-2.932725124327897,4.297184438517133,-1.9912163840708619,5.570602610282852,124.31259726546224,-20.943723488423824,-81.79910261242274,171.79910261242273,5.441025905199533
0.0,0.0,0.0,0.0,0.0243,622.0,-2.990858043934183,4.221110266676696,-1.9012568727989234,5.511604250921356,125.31939201006998,-20.179064644832206,-82.96064927938247,172.96064927938247,5.385854010759537
0.0,0.0,0.0,0.0,0.0694,666.0,-3.0299837462401165,4.168051160236194,-1.8391248632923725,5.471364751102394,126.01544795056758,-19.641656801173156,-83.74724925288793,173.74724925288794,5.348322487295007
0.0,0.0,0.0,0.0,0.0708,776.0,-3.043586574753875,4.149233031957927,-1.8172042390905987,5.45726902746068,126.26116164410348,-19.450226045731995,-84.01989745967315,174.01989745967313,5.335195012891
0.0,0.0,0.0,0.0,0.065,695.0,-3.0918519398642283,4.080829254753917,-1.7380102914903879,5.40679161775485,127.14949322543798,-18.75060525956805,-84.97178151453133,174.97178151453133,5.288272115664562
0.0,0.0,0.0,0.0,0.0672,732.0,-3.1401898939043185,4.009598092096248,-1.6563174334285549,5.355469808541549,128.06691941843627,-18.015594785832402,-85.86281619626031,175.86281619626033,5.240710690548975
0.0,0.0,0.0,0.0,0.0754,734.0,-3.2758005471934837,3.792840937732857,-1.4120960656181352,5.206777016780112,130.81651318342927,-15.735893689999203,-86.90287570141224,176.90287570141223,5.103839895842081
0.0,0.0,0.0,0.0,0.0882,630.0,-3.3538197494834217,3.6544447306819046,-1.2591948776856043,5.117484239509043,132.54375856192775,-14.244331514083774,-85.6881726400628,175.6881726400628,5.022401172571916
0.0,0.0,0.0,0.0,0.0949,671.0,-3.3835496279550026,3.5985026985429607,-1.1979811205660609,5.082596631790499,133.2366195024564,-13.63304085195526,-84.9671850317879,174.96718503178792,4.9907572705629795
0.0,0.0,0.0,0.0,0.104,668.0,-3.412426221864327,3.542243340921379,-1.1367381890518509,5.048199116161919,133.9306308111249,-13.01328494460477,-84.17552008523064,174.17552008523066,4.959662272442994
0.0389,70.1,0.0,0.0,0.103,674.0,-3.426542736881557,3.5139980734649825,-1.1061060687271784,5.031187555961957,134.2780740515482,-12.700216911471555,-83.7603968922207,173.76039689222068,4.944324102265318
0.0704,52.1,0.0,0.0,0.0996,704.0,-3.454128658838405,3.4572832460161487,-1.0448211209971476,4.997545738647571,134.97384839431834,-12.067672600197321,-82.90091019314431,172.9009101931443,4.914073446608432
0.366,49.2,0.0,0.0,0.116,647.0,-3.4938793394641685,3.3716711621031283,-0.952843843316855,4.948057260565935,136.0197686844107,-11.10276278241843,-81.55624982626344,171.55624982626344,4.869782895665897
0.291,31.0,0.174,76.3,0.111,648.0,-3.506692645489228,3.342995468412113,-0.9221719910168118,4.931826557449894,136.3690218041786,-10.776818076331136,-81.0964576838413,171.0964576838413,4.855314514403943
0.0,0.0,0.0,0.0,0.116,782.0,-3.515782039670247,3.3223081234780656,-0.9000850824317975,4.920224362101029,136.62066922102255,-10.540807618254524,-80.76238005725435,170.76238005725435,4.844990342176013
0.295,40.2,0.117,85.6,0.117,599.0,-3.547654013705082,3.2473222641161805,-0.8202994484588332,4.878918125273705,137.53077401157614,-9.679193795008509,-79.53723944520443,169.53723944520445,4.808363272878512
0.396,37.1,0.145,107.0,0.12,579.0,-3.5557435000016753,3.227639030271602,-0.799424584990668,4.868269221666389,137.76917326080823,-9.451417580801241,-79.21242624040543,169.21242624040545,4.798954747725709
0.52,34.9,0.208,85.5,0.142,539.0,-3.5902011407147643,3.140475975649538,-0.707305355455046,4.822075740827481,138.8226629169312,-8.434615862630071,-77.76062942869846,167.76062942869845,4.758314622346887
0.436,42.6,0.132,91.6,0.148,520.0,-3.6012397720792064,3.1113064486285693,-0.6765886342569306,4.80696659997638,139.17448500552038,-8.091345168166727,-77.27041355830099,167.270413558301,4.745085994080704
0.361,42.7,0.101,84.5,0.133,537.0,-3.6120537656777274,3.0820818096312173,-0.6458670429936912,4.792004270097399,139.5266416211684,-7.745907088201028,-76.77730028630253,166.77730028630253,4.732018801205598
0.363,40.7,0.0794,84.4,0.141,523.0,-3.6226425264146296,3.052803556537528,-0.6151407590710717,4.777190239300345,139.8791358834928,-7.398303072527782,-76.28140974119317,166.28140974119316,4.719114479277265
0.317,42.7,0.0315,83.9,0.148,514.0,-3.633005468140513,3.0234731955013507,-0.5844099640991663,4.7625260000962095,140.23197095713093,-7.048535155328923,-75.78284850497853,165.78284850497855,4.706374462078559
0.343,37.0,0.029,147.0,0.172,501.0,-3.662733653779932,2.935184651680964,-0.49219238984259217,4.719447012798698,141.2925533589008,-5.986277366323701,-74.27204736645902,164.27204736645902,4.669154537246943
0.406,28.4,0.0971,92.0,0.175,515.0,-3.672187641006863,2.9056610875603486,-0.46144544852936564,4.705396936337507,141.64678422255764,-5.627886327677225,-73.76366845217119,163.76366845217117,4.6570860203847975
0.333,37.1,0.0,0.0,0.172,532.0,-3.6788527957279227,2.8843771232705606,-0.439306086837772,4.69537848525701,141.90204410810534,-5.368524102925922,-73.39623381537787,163.39623381537785,4.648503000882656
0.28,47.2,0.0778,234.0,0.174,511.0,-3.701932193270176,2.8073339657699554,-0.3593426433140374,4.659887669701892,142.8253974522408,-4.422698270316661,-72.05988419205448,162.05988419205448,4.618256165374914
0.873,50.7,0.444,146.0,0.185,526.0,-3.7076343385621096,2.787412747719242,-0.3387088988433953,4.650908076149036,143.06402378572244,-4.176342672636974,-71.71277941610941,161.7127794161094,4.610644698093117
1.7,50.9,0.269,120.0,0.192,530.0,-3.7159422209694966,2.7576829185448295,-0.30794638301941785,4.637658099044429,143.42007271572112,-3.8073137944644215,-71.19361182108523,161.19361182108523,4.599445714494277
1.21,43.7,0.118,178.0,0.21,530.0,-3.7240189560619354,2.727916488802709,-0.27718139895145183,4.624572962222027,143.77649664799293,-3.4361763856928564,-70.6724371890909,160.67243718909089,4.5884251326321674
0.751,44.0,0.187,172.0,0.226,538.0,-3.731864067836625,2.6981150567758156,-0.24641417430313745,4.6116541745568895,144.1332992802838,-3.0629397918722385,-70.14930144199181,160.1493014419918,4.577584327203109
0.484,48.1,0.196,171.0,0.231,532.0,-3.7394770915963154,2.668280229165821,-0.21564494109660898,4.59890324322565,144.49048436340254,-2.6876141031143446,-69.62424881957978,159.62424881957978,4.566924663736092
0.449,50.4,0.184,179.0,0.235,529.0,-3.746857574153218,2.638413620962295,-0.18487393547772155,4.586321673006346,144.84805570307228,-2.310210163177433,-69.09732216891042,159.09732216891044,4.556447497830621
0.971,44.2,0.147,200.0,0.237,533.0,-3.75400507400593,2.608516855589096,-0.15410139786004975,4.5739109657247505,145.20601715873656,-1.930739582832868,-68.56856320016475,158.56856320016476,4.54615417452159
0.408,49.7,0.209,176.0,0.254,517.0,-3.760919161709532,2.5785915646323248,-0.12332757283626988,4.56167261959126,145.56437264796543,-1.5492147500649227,-68.03801270354592,158.03801270354592,4.536046027557087
0.331,60.8,0.257,206.0,0.267,520.0,-3.786233232735437,2.4586380687306444,-0.0002244384223981301,4.514472648721487,147.001815260396,-0.0028484776340214064,-65.89868919717014,155.89868919717014,4.497491444369167
0.4,40.6,0.387,200.0,0.279,560.0,-3.790442772680226,2.436732879204181,0.022217376429375255,4.5061754459157335,147.26456336337847,0.28249389621498455,-65.5058735141665,155.5058735141665,4.490791121471216
0.345,55.7,0.335,198.0,0.294,533.0,-3.804346950649395,2.3590518529425863,0.10172105442492946,4.477558323316461,148.197206397672,1.3017560306655704,-64.10763067202944,154.10763067202944,4.467880889224812
0.322,59.2,0.34,201.0,0.296,535.0,-3.8077816217893736,2.3383608364591204,0.1228786407260625,4.470148928287445,148.44589085253395,1.5751856547574936,-63.73383713100482,153.73383713100483,4.462002969518243
0.34,60.3,0.339,200.0,0.308,519.0,-3.8171369111944866,2.278134593172772,0.18442469053995864,4.449094727008474,149.170502708592,2.375715850222124,-62.64261126030078,152.64261126030078,4.4454332002465975
0.338,61.7,0.328,194.0,0.32,497.0,-3.821458779352827,2.2480055510943115,0.21519534786898373,4.438849535385052,149.53346793963232,2.778787616251926,-62.09493481846605,152.09493481846604,4.437446083080782
0.281,62.4,0.41,193.0,0.299,468.0,-3.8255431020703536,2.2178681965089164,0.2459640375279983,4.428794155370156,149.89687889679283,3.1837009026149263,-61.5459353742405,151.54593537424049,4.429659007414119
0.325,69.4,0.409,183.0,0.321,416.0,-3.829389627494511,2.1877242646364854,0.27673046279232927,4.4189299752631355,150.26074030957017,3.590432421406512,-60.99565284881173,150.99565284881174,4.422073095000247
0.373,66.1,0.436,190.0,0.315,434.0,-3.8329981190898703,2.157575498191976,0.3074943234078006,4.409258369643681,150.62505697565769,3.9989580086280356,-60.44412753888236,150.44412753888236,4.414689446166562
0.351,68.4,0.444,191.0,0.335,439.0,-3.8363683560368074,2.1274236471405623,0.33825531551030674,4.399780698635374,150.9898337645162,4.4092526201963045,-59.891400144778366,149.89140014477837,4.4075091391367165
0.403,61.4,0.499,178.0,0.405,401.0,-3.8474629028159097,2.0068206462279132,0.4612644009978362,4.363836012306047,152.45364206316282,6.067589603736379,-57.669299089138406,147.6692990891384,4.380842079892409
0.428,65.5,0.552,215.0,0.345,462.0,-3.8490733453570973,1.9848423251319463,0.48368087905623036,4.357626861760685,152.72130953640968,6.372756637914731,-57.26243808851936,147.26243808851936,4.376338353524962
0.403,62.9,0.516,187.0,0.357,404.0,-3.850637521192412,1.9616122052952205,0.50737559388067,4.351179352410537,153.0045552895443,6.69629152244752,-56.8317731334209,146.8317731334209,4.371698140996276
0.477,71.4,0.569,196.0,0.375,455.0,-3.8547319502679707,1.8863101108388693,0.58420240858866,4.33109878632091,153.9252209641579,7.75199873917245,-55.43133861435733,145.43133861435732,4.357508520674532
0.48,74.8,0.572,195.0,0.391,443.0,-3.8559506654361884,1.8562103939773253,0.6149233624585294,4.323424950509092,154.29437016840296,8.176942586793086,-54.86969946372989,144.8696994637299,4.352202815245665
0.494,71.0,0.605,201.0,0.38,448.0,-3.856929833714877,1.8261254666124642,0.6456382317999165,4.315957679168342,154.66403231685825,8.603356829490712,-54.307290912465696,144.3072909124657,4.347109865194925
0.511,70.5,0.595,200.0,0.38,443.0,-3.857669422847038,1.7960571501942049,0.676346679546661,4.308698120507692,155.03421313108882,9.031206871678519,-53.744158926181896,143.74415892618188,4.342230460496518
0.476,65.3,0.567,181.0,0.442,410.0,-3.858153369477066,1.7672589580449614,0.7057692687232937,4.301936994874706,155.38946181491565,9.442544361937765,-53.203854900842316,143.20385490084232,4.337755452002702
0.371,61.4,0.401,158.0,0.519,363.0,-3.8584298276290547,1.7359776635661957,0.7377429502157369,4.2948066130771645,155.77615406416348,9.891071819471962,-52.615910918125955,142.61591091812596,4.333115296552504
0.422,76.5,0.838,249.0,0.0642,769.0,-3.858450672494068,1.7059701630579491,0.7684300876207932,4.288176837407104,156.1479260534998,10.323013413333015,-52.05088920576133,142.05088920576134,4.328880965073722
0.512,50.6,0.96,168.0,0.0929,570.0,-3.8582319970395047,1.6759866124837635,0.7991094327426144,4.281759119065722,156.5202404520074,10.75624420811974,-51.485332654422834,141.48533265442282,4.324863033394463
0.398,42.1,0.0,0.0,0.0,0.0,-3.8539555067254097,1.5345701016867799,0.9440809997226322,4.254311622207213,158.28851507218312,12.821333939741665,-48.8049546781215,138.8049546781215,4.308811503690886
0.3,49.6,0.0381,144.0,0.0135,361.0,-3.849327363147394,1.4571391327868441,1.0236924054908114,4.241287745724597,159.2661490125903,13.967034090277911,-47.32859283993166,137.32859283993164,4.302075356569265
0.14,59.0,0.0195,133.0,0.0113,272.0,-3.8262640944607056,1.2301030718492552,1.2584048638721574,4.211535740006165,162.1779560301289,17.385513870614307,-42.966326026709844,132.96632602670985,4.29090778487462
0.271,37.6,0.0,0.0,0.0,0.0,-3.80517292640462,1.092093715868405,1.402271391758497,4.199806512236757,163.98639455039995,19.5050245408455,-40.29198139755703,130.29198139755704,4.290546857619157
0.401,43.8,0.0792,127.0,0.0238,351.0,-3.75561685427001,0.8534943336872095,1.6538096895480308,4.191443310240053,167.1965311008885,23.239038301883493,-35.632249645016095,125.63224964501609,4.301871056058931
0.382,40.6,0.111,108.0,0.0224,340.0,-3.7485611467455815,0.8250197045457536,1.6841099583096941,4.19149072949675,167.58767930608548,23.69029049154615,-35.07332841551833,125.07332841551833,4.304265265473022
0.497,47.9,0.0846,130.0,0.0179,375.0,-3.741277227069401,0.7966264659775183,1.7143906806101012,4.191766265173513,167.97958414281675,24.141406891672112,-34.515439790202855,124.51543979020285,4.30687943830601
0.724,36.1,0.0,0.0,0.0,0.0,-3.703833243470552,0.6637451451235766,1.8570633734756958,4.196143787600425,169.8401573876049,26.26760739456525,-31.897281523991,121.897281523991,4.322175244275596
0.456,38.1,0.0465,133.0,0.0102,376.0,-3.656033804161208,0.5175053868046925,2.0161288897008864,4.207038234010701,171.94340216025813,28.634968332132246,-29.002960763507243,119.00296076350725,4.3450119731024675
0.478,42.2,0.0521,115.0,0.0223,315.0,-3.646287021961777,0.49011460129569173,2.046189118585477,4.209811311442323,172.34448937441363,29.081449361396576,-28.45942520098274,118.45942520098274,4.350010628324996
0.45,40.2,0.0446,97.1,0.0229,419.0,-3.626139264907846,0.4356434044962413,2.1062410241136713,4.2160315933406975,173.149334236499,29.972153543487504,-27.377223411634933,117.37722341163493,4.360644507893439
0.469,44.4,0.102,114.0,0.0243,336.0,-3.605123980235981,0.38159312466778317,2.1662049375843546,4.223147648056019,173.95788633841178,30.859601395114247,-26.301719760741754,116.30171976074176,4.372122417589337
0.733,48.5,0.0595,153.0,0.0493,241.0,-3.571993858191459,0.3013422173127588,2.2559761944212684,4.235490035956635,175.17780490326862,32.18375989953951,-24.70187966804148,114.70187966804149,4.390905105124564
0.533,44.2,0.0,0.0,0.0,0.0,-3.552137796910157,0.25579097938211337,2.3073513537591697,4.243463470216902,175.88121563568254,32.93877098396702,-23.792229031703915,113.79222903170391,4.402513249422911
1.03,41.2,0.345,91.1,0.144,236.0,-3.520948754347389,0.1875996398174455,2.384871485690535,4.256745911944927,176.95010796702138,34.07356947623167,-22.42836253392632,112.42836253392632,4.421206186576394
1.11,46.7,0.354,109.0,0.0674,337.0,-3.5000513301729486,0.14397301925123226,2.4348729860606775,4.26610993791367,177.64449212167065,34.80239063365113,-21.554488439925844,111.55448843992585,4.434011082501535
0.778,46.9,0.167,134.0,0.0384,352.0,-3.4873372476214874,0.11817023575834862,2.464603243953061,4.2719731311621505,178.0592453048199,35.234473166260344,-21.037154331380982,111.03715433138098,4.4419014110273825
0.616,48.2,0.145,115.0,0.034,410.0,-3.447979626298357,0.04152731444133625,2.5536391466991812,4.2908461767776975,179.3099655237712,36.52236300434368,-19.498352223831947,109.49835222383194,4.466759105446777
0.859,39.9,0.226,96.9,0.0487,349.0,-3.4344589465678936,0.016239326391158763,2.5832665575886438,4.297561876103446,179.72908747932678,36.94875529568664,-18.98991722000064,108.98991722000063,4.475436896407363
1.64,34.8,0.914,85.8,0.267,223.0,-3.353342683156245,-0.1258122852560604,2.7522303514751276,4.339989376643655,-177.8513578327912,39.357415462510346,-16.12699252106786,106.12699252106786,4.528762456938799
1.65,48.2,0.398,114.0,0.127,307.0,-3.3143900997227536,-0.18886798214771397,2.828742087667034,4.361494542741009,-176.73857099565822,40.43400325708336,-14.852208595606072,104.85220859560607,4.555033902838722
1.71,47.5,0.428,110.0,0.12,316.0,-3.303992611232278,-0.2051980781094195,2.8487220972894325,4.367343702288887,-176.44614746697417,40.71357226593855,-14.521642845727776,104.52164284572777,4.562109921178679
0.98,38.8,0.267,86.3,0.153,216.0,-3.241096775409273,-0.29987609076409216,2.9659987602982665,4.403610180689385,-174.71387064277434,42.340719572271524,-12.601430581931954,102.60143058193195,4.605426476176806
1.13,46.5,0.177,110.0,0.0395,277.0,-3.065688724626394,-0.5326944323418858,3.2665077764649606,4.511350548145812,-170.1426980682409,46.39106234059121,-7.848048299240235,97.84804829924023,4.7300210166522945
0.721,45.9,0.301,102.0,0.0756,338.0,-2.9426519277433343,-0.6740725509667274,3.4594134113314254,4.591417572201213,-167.0978671061645,48.890304669107664,-4.932982646348146,94.93298264634815,4.81996975740227
0.652,45.5,0.36,100.0,0.0331,403.0,-2.923626739730299,-0.6945780835101947,3.4881818937195854,4.604068304340397,-166.6357609892256,49.2557380251202,-4.507879388995359,94.50787938899536,4.834031007232908
2.23,52.7,0.379,164.0,0.0632,805.0,-2.8510284700920887,-0.7698075944017077,3.5956655094304697,4.652932142787176,-164.8898646810686,50.6036595561677,-2.942373605954242,92.94237360595424,4.8880201826712355
1.98,50.2,0.457,153.0,0.0871,667.0,-2.8460086786517014,-0.7748398010312411,3.6029702333885965,4.656343696389606,-164.7700756862044,50.694254740979595,-2.8372971291317928,92.8372971291318,4.891771806667123
2.28,51.1,0.355,138.0,0.15,585.0,-2.8317848415565194,-0.7889842244412945,3.6235836408503475,4.666032564987602,-164.43124365245848,50.9492042933627,-2.5416922539470432,92.54169225394705,4.902414683619429
1.42,49.4,0.306,134.0,0.125,539.0,-2.7797965535878353,-0.839281265988042,3.697897976540367,4.7017136628764025,-163.199788340853,51.85962709779641,-1.4872727896458888,91.48727278964589,4.941466128754671
1.28,46.3,0.352,108.0,0.174,436.0,-2.7660411299395853,-0.8522323912474686,3.7173017071993284,4.711222300375549,-162.87564864474982,52.09507395929915,-1.2148908054650647,91.21489080546506,4.9518370603718145
2.04,63.3,0.951,170.0,0.125,664.0,-2.668276843831734,-0.9402286599608921,3.852338391344535,4.779565077469654,-160.58891952793337,53.70712254039325,0.6465913303109891,89.35340866968902,5.025979526922714
1.96,59.2,1.05,152.0,0.14,604.0,-2.6629364278535403,-0.9448390783111289,3.859577968134299,4.783334965774494,-160.46475629491997,53.79222268937932,0.7446877720950057,89.255312227905,5.030050480965619
1.94,69.2,0.757,140.0,0.162,601.0,-2.641912740051037,-0.9627993891384573,3.887948468835141,4.798211008916436,-159.9766058174406,54.12439857527893,1.1274238170003728,88.87257618299962,5.046096749243732
1.57,63.8,0.435,157.0,0.242,679.0,-2.5565311288027726,-1.0327398482343104,4.001149804912237,4.859177169852715,-158.00319397855978,55.428756540354875,2.627643007390306,87.3723569926097,5.111581359602983
1.27,62.3,0.359,170.0,0.251,662.0,-2.534872401296168,-1.0497453739924876,4.0293802936277725,4.874776814557509,-157.50449835059567,55.74874175808436,2.995003676641448,87.00499632335855,5.128270633722885
0.893,55.4,0.419,177.0,0.231,786.0,-2.5192025001290745,-1.061869560904012,4.049689028220722,4.886095519565941,-157.14408044304673,55.97761593082263,3.2575954553139925,86.74240454468601,5.140364121951887
0.627,54.3,0.188,183.0,0.181,702.0,-2.4620997033590193,-1.1048115986653277,4.122907171853846,4.927566048826732,-155.83291939482885,56.79353975328236,4.192545729247329,85.80745427075267,5.184565371167724
0.465,55.2,0.173,195.0,0.174,704.0,-2.447034743328679,-1.1158239044152256,4.142025023409022,4.93856389199012,-155.48747821459557,57.00419323719262,4.433623058874451,85.56637694112555,5.196260231765308
0.501,53.1,0.171,192.0,0.181,691.0,-2.42478309714329,-1.1318536297982693,4.1701172945351255,4.954850548468669,-154.97751496850404,57.311927131186934,4.785569085977548,85.21443091402246,5.213559197091585
0.523,52.3,0.165,194.0,0.185,705.0,-2.402418414718013,-1.1476855112874267,4.19818158398557,4.971269946835606,-154.46521840662587,57.6172018536593,5.134424419762379,84.86557558023762,5.230975831548518
0.465,54.5,0.177,194.0,0.195,707.0,-2.3799409926171693,-1.1633197815384961,4.22621973294875,4.987821696254165,-153.95052547305116,57.9200364456995,5.480211408502273,84.51978859149773,5.248509946604736
0.607,55.9,0.178,188.0,0.182,683.0,-2.357354403244357,-1.1787544019771377,4.254229495405704,5.004503004520619,-153.43344775152866,58.2204060650624,5.822902211612461,84.17709778838754,5.266158809735684
0.47,59.2,0.163,194.0,0.19,668.0,-2.334658939328043,-1.193989622254091,4.28221271543084,5.021313505571265,-152.91392135898454,58.51833029425681,6.162519637789478,83.83748036221053,5.283922258333911
0.448,61.0,0.163,204.0,0.179,713.0,-2.311857248625105,-1.2090241010986027,4.310168321942799,5.038251103164363,-152.391935963414,58.8137977798015,6.499051145581561,83.50094885441844,5.3017982998451005
0.396,61.0,0.168,210.0,0.181,693.0,-2.288949606045347,-1.2238580799441223,4.338098158440986,5.055315472958016,-151.86742654867265,59.10682828561572,6.832519586621385,83.16748041337861,5.319786812299728
0.626,53.6,0.228,215.0,0.157,707.0,-2.219615158424686,-1.2671456466459168,4.42172531554136,5.107250170827906,-150.27858965331723,59.971224094362604,7.814465344944788,82.1855346550552,5.374409290571958
0.646,54.9,0.268,212.0,0.162,696.0,-2.1963055335897472,-1.281167904255307,4.449547262760349,5.124804390345938,-149.74376377820582,60.25446513037286,8.135636976386623,81.86436302361338,5.392831708578252
0.637,48.7,0.329,175.0,0.225,904.0,-2.1794624222703773,-1.2911376333747833,4.469563116697311,5.13751761968232,-149.3570306928166,60.45689306516621,8.364988468153266,81.63501153184673,5.406161617390178
0.319,56.9,0.143,207.0,0.16,704.0,-2.1021169890017815,-1.3352087324446276,4.5605748346525425,5.1962025573597845,-147.5773742607272,61.363107752583936,9.389761888583314,80.61023811141669,5.46756811428396
0.309,54.6,0.0688,203.0,0.0903,727.0,-2.030528781763414,-1.373570809473013,4.643571924371151,5.250952686800173,-145.92323428600707,62.1691116760675,10.298339365501613,79.70166063449838,5.5246846419712
0.298,52.1,0.0697,183.0,0.0953,721.0,-2.006494748892759,-1.3859422397244734,4.671186199679793,5.269424786565005,-145.36607366493257,62.43294779421484,10.595125515977404,79.4048744840226,5.543920176616939
0.242,61.1,0.0707,192.0,0.094,739.0,-1.9823779138803297,-1.3981048451246023,4.698774960029489,5.288005812818434,-144.8059627148756,62.69437496150722,10.888883594054317,79.11111640594568,5.563252198927314
0.274,55.6,0.0719,190.0,0.0922,737.0,-1.9581804896186832,-1.4100578832692736,4.726337750219276,5.30669413036411,-144.24287683679367,62.95339219968255,11.179612938002707,78.8203870619973,5.582679203941677
0.243,56.7,0.0581,184.0,0.0896,722.0,-1.933902668585459,-1.4218016126899546,4.753876412200662,5.325489677005069,-143.67674416008927,63.21002014548871,11.467337186386857,78.53266281361314,5.602201320304023
0.28,52.8,0.0765,191.0,0.0917,724.0,-1.8606119768204847,-1.4557683973856235,4.836339660834127,5.3825012652178446,-141.9598850227919,63.96552940447915,12.31244163439708,77.68755836560292,5.661321110536961
0.296,54.6,0.0812,191.0,0.103,718.0,-1.836034177754494,-1.4666681219476314,4.863777862745609,5.401710097733333,-141.38130142698395,64.21259930489082,12.588150672762726,77.41184932723728,5.6812093441999
0.418,53.2,0.12,208.0,0.121,857.0,-1.8182947018794497,-1.4743844473106675,4.883517518682546,5.415602318914655,-140.96274857870668,64.38901311999118,12.784805836384496,77.21519416361551,5.69558363366163
0.444,45.1,0.101,177.0,0.101,707.0,-1.7539377014005955,-1.5013324046549485,4.954695955868141,5.466196892242131,-139.4371959479059,65.0158569160784,13.48211878137962,76.51788121862037,5.747870540080556
0.423,45.8,0.0909,177.0,0.111,700.0,-1.7370314176519062,-1.5081429347336293,4.973285295551436,5.47953829153925,-139.03450182381263,65.17717138185762,13.661187988777762,76.33881201122223,5.761642233978959
0.24,49.3,0.0681,181.0,0.0895,705.0,-1.7121163447850356,-1.5179787012200565,5.0006014399069,5.4992378086637395,-138.43949720794146,65.41241333939887,13.922031922534734,76.07796807746527,5.781965397962568
0.263,54.2,0.055,175.0,0.076,728.0,-1.6871389181119911,-1.5276005720104764,5.0278935527127855,5.519032054085719,-137.8410951457511,65.64530536111562,14.179923958950795,75.8200760410492,5.802372556365499
0.605,43.6,0.0477,140.0,0.0684,724.0,-1.6621008352600308,-1.5370082089225354,5.0551617617417675,5.538919918020434,-137.2392578310199,65.87585274897576,14.434871483362702,75.5651285166373,5.822862736272414
1.88,39.4,0.0593,124.0,0.0644,727.0,-1.6380506576005498,-1.5458225294627896,5.081271483566018,5.558065953113686,-136.6592385779563,66.09459879272086,14.676440121652117,75.32355987834788,5.842576172703866
3.35,34.5,0.0906,110.0,0.0739,682.0,-1.586639604861639,-1.5639425246358558,5.136824250846212,5.599134293813787,-135.41275686656962,66.55348041636898,15.18212292718594,74.81787707281406,5.884821831838007
3.49,34.4,0.078,107.0,0.0707,687.0,-1.5613758455048914,-1.5724900969811493,5.163998131052816,5.619385761232884,-134.7968014446284,66.77470262059771,15.425369013478024,74.57463098652198,5.905634575967148
0.0,0.0,0.0,0.0,0.0551,722.0,-1.4598157931853666,-1.6045204578710652,5.272462358886777,5.701263664806086,-132.2963763296331,67.63646532906255,16.369380208693435,73.63061979130657,5.9896596084197755
0.0,0.0,0.0,0.0,0.0465,752.0,-1.3749646187012319,-1.6284729324556724,5.36221043783597,5.770247184831689,-130.17532523148296,68.3238013862025,17.117982811608346,72.88201718839166,6.060310501786728
0.0,0.0,0.0,0.0,0.0455,730.0,-1.3318563090366464,-1.6396809896709472,5.407531425192093,5.805496627356616,-129.08576504046468,68.66202658089338,17.484835213549797,72.5151647864502,6.09636560264339
0.0,0.0,0.0,0.0,0.0454,737.0,-1.3061469743943708,-1.646060698487596,5.43447800426405,5.8265844987140465,-128.4319534279777,68.86030244543167,17.699403223134382,72.30059677686562,6.117921201867693
0.0,0.0,0.0,0.0,0.0409,700.0,-1.1771002332200682,-1.6746899110688296,5.568886928204078,5.933182356577683,-125.10248354652136,69.81781344662852,18.730172476225125,71.26982752377488,6.226729989248385
0.0,0.0,0.0,0.0,0.0333,779.0,-1.0993341841540738,-1.689247330515495,5.649275519210175,5.998033518083307,-123.05541172539036,70.36538340238934,19.31530178097056,70.68469821902944,6.2928096611780315
0.0,0.0,0.0,0.0,0.0311,740.0,-0.9870127249433795,-1.7067529173286506,5.764705687200578,6.092538986338348,-120.04073232292862,71.1186989445205,20.11461059403317,69.88538940596683,6.388962234495715
0.0,0.0,0.0,0.0,0.031,752.0,-0.9693042751256483,-1.7091364529330118,5.782839709348095,6.107530867423795,-119.55891634029518,71.23350919721273,20.235815676866874,69.76418432313312,6.404200746653915
0.0,0.0,0.0,0.0,0.0301,768.0,-0.9432506876552051,-1.7124579159865425,5.8094906204246985,6.129634185054565,-118.84671415401672,71.40049746898256,20.41180083350585,69.58819916649415,6.4266606971572795
